<addon id="repository.goggle.addons" name="Goggle Addon Repository" version="1.0.0" provider-name="Alexander Seiler">
    <extension point="xbmc.addon.repository" name="Goggle Addon Repository">
        <info compressed="false">
            https://raw.githubusercontent.com/goggle/repository.goggle.addons/master/addons.xml
        </info>
        <checksum>
            https://raw.githubusercontent.com/goggle/repository.goggle.addons/master/addons.xml.md5
        </checksum>
        <datadir zip="true">
            https://github.com/goggle/repository.goggle.addons/raw/repo
        </datadir>
    </extension>
    <extension point="xbmc.addon.metadata">
        <summary lang="en_GB">Goggle's addon repository for Kodi.</summary>
        <description lang="en_GB">This addon provides the newest versions of goggle's Kodi addons.</description>
        <platform>all</platform>
        <source>https://github.com/goggle/repository.goggle.addons</source>
        <assets>
            <icon>icon.png</icon>
        </assets>
    </extension>
</addon>
