<?xml version="1.0" encoding="UTF-8" standalone="yes"?>
<addon id="plugin.video.srfplaytv" name="SRF Play TV" version="1.0.0" provider-name="Alexander Seiler">
  <requires>
    <import addon="xbmc.python" version="2.25.0"/>
    <import addon="script.module.simplecache" version="1.0.0"/>
  </requires>
  <extension point="xbmc.python.pluginsource" library="addon.py">
    <provides>video</provides>
  </extension>
  <extension point="xbmc.addon.metadata">
    <summary lang="en_GB">SRF Play television video library</summary>
    <summary lang="de_DE">SRF Play Videobibliothek</summary>
    <description lang="en_GB">SRF Play TV allows you to watch the content from the video library of Swiss Radio and Television (SRF).</description>
    <description lang="de_DE">Mit SRF Play TV können Sie den Inhalt der SRF Play Videobibliothek des Schweizer Fernsehens anschauen.</description>
    <disclaimer lang="en_GB">Some content is geo-blocked and only available in Switzerland.</disclaimer>
    <disclaimer lang="de_DE">Einige Inhalte sind nur in der Schweiz verfügbar.</disclaimer>
    <language>de</language>
    <platform>all</platform>
    <license>GNU GENERAL PUBLIC LICENSE. Version 3, June 2007</license>
    <forum>https://forum.kodi.tv/showthread.php?tid=331129</forum>
    <website>https://www.srf.ch/play/tv</website>
    <email>seileralex@gmail.com</email>
    <source>https://github.com/goggle/plugin.video.srfplaytv</source>
    <news>v1.0.0 (2018-04-24)
     - Add support for SRF.ch livestreams.
     - Add support for Live TV (SRF 1, SRF 2, SRF info).
     - Choose folders to appear in the main menu.
    
    v0.9.3 (2018-04-22)
     - Add date picker for choosing shows by date.
    
    v0.9.2 (2018-04-19)
     - Move selection of favourite shows into the addon settings.
     - Enable segments for most recent favourite shows.
    </news>
    <assets>
        <icon>resources/icon.png</icon>
        <fanart>resources/fanart.png</fanart>
        <banner></banner>
        <clearlogo></clearlogo>
        <screenshot>resources/screenshot-01.png</screenshot>
        <screenshot>resources/screenshot-02.png</screenshot>
        <screenshot>resources/screenshot-03.png</screenshot>
        <screenshot>resources/screenshot-04.png</screenshot>
        <screenshot>resources/screenshot-05.png</screenshot>
    </assets>
  </extension>
</addon>